{
  "description": "项目配置文件",
  "packOptions": {
    "ignore": [],
    "include": []
  },
  "setting": {
    "bundle": false,
    "userConfirmedBundleSwitch": false,
    "urlCheck": true,
    "scopeDataCheck": false,
    "coverView": true,
    "es6": true,
    "postcss": true,
    "compileHotReLoad": false,
    "lazyloadPlaceholderEnable": false,
    "preloadBackgroundData": false,
    "minified": true,
    "autoAudits": false,
    "newFeature": false,
    "uglifyFileName": false,
    "uploadWithSourceMap": true,
    "useIsolateContext": true,
    "nodeModules": false,
    "enhance": true,
    "useMultiFrameRuntime": true,
    "showShadowRootInWxmlPanel": true,
    "packNpmManually": false,
    "packNpmRelationList": [],
    "minifyWXSS": true,
    "useStaticServer": true,
    "showES6CompileOption": false,
    "checkInvalidKey": true,
    "babelSetting": {
      "ignore": [],
      "disablePlugins": [],
      "outputPath": ""
    },
    "disableUseStrict": false,
    "useCompilerPlugins": false
  },
  "compileType": "game",
  "libVersion": "2.30.2",
  "appid": "wx70f263356556240e",
  "projectname": "BrickBreaker",
  "condition": {},
  "editorSetting": {
    "tabIndent": "insertSpaces",
    "tabSize": 2
  }
}